{"cameraMode":{"drawMode":0,"name":"Shaded","section":"Shading Mode"},"sceneLighting":true,"audioPlay":false,"sceneViewState":{"m_AlwaysRefresh":false,"showFog":true,"showSkybox":true,"showFlares":true,"showImageEffects":true,"showParticleSystems":true,"showVisualEffectGraphs":true,"m_FxEnabled":true},"in2DMode":false,"pivot":{"x":7.56333589553833,"y":1.7757285833358765,"z":-1.5990138053894044},"rotation":{"x":0.17728617787361146,"y":-0.5981583595275879,"z":0.13784846663475038,"w":0.769293487071991},"size":0.46368080377578738,"orthographic":false}