{"cameraMode":{"drawMode":0,"name":"Shaded","section":"Shading Mode"},"sceneLighting":true,"audioPlay":false,"sceneViewState":{"m_AlwaysRefresh":false,"showFog":true,"showSkybox":true,"showFlares":true,"showImageEffects":true,"showParticleSystems":true,"showVisualEffectGraphs":true,"m_FxEnabled":true},"in2DMode":false,"pivot":{"x":12.795888900756836,"y":1.2310333251953126,"z":-4.345836639404297},"rotation":{"x":0.24703392386436463,"y":-0.40625250339508059,"z":0.11505471169948578,"w":0.8721972703933716},"size":23.630733489990236,"orthographic":false}